{
  "v": "4.7.0",
  "fr": 30,
  "ip": 0,
  "op": 123,
  "w": 1920,
  "h": 1080,
  "nm": "Comp 1",
  "ddd": 0,
  "assets": [],
  "layers": [
    {
      "ddd": 0,
      "ind": 1,
      "ty": 4,
      "nm": "Shape Layer 4",
      "ks": {
        "o": {
          "a": 0,
          "k": 100
        },
        "r": {
          "a": 0,
          "k": 0
        },
        "p": {
          "a": 0,
          "k": [
            960,
            604,
            0
          ]
        },
        "a": {
          "a": 0,
          "k": [
            0,
            0,
            0
          ]
        },
        "s": {
          "a": 0,
          "k": [
            100,
            100,
            100
          ]
        }
      },
      "ao": 0,
      "ef": [
        {
          "ty": 5,
          "nm": "Glow",
          "mn": "ADBE Glo2",
          "ix": 1,
          "en": 1,
          "ef": [
            {
              "ty": 7,
              "nm": "Glow Based On",
              "mn": "ADBE Glo2-0001",
              "ix": 1,
              "v": {
                "a": 0,
                "k": 2
              }
            },
            {
              "ty": 0,
              "nm": "Glow Threshold",
              "mn": "ADBE Glo2-0002",
              "ix": 2,
              "v": {
                "a": 0,
                "k": 153
              }
            },
            {
              "ty": 0,
              "nm": "Glow Radius",
              "mn": "ADBE Glo2-0003",
              "ix": 3,
              "v": {
                "a": 0,
                "k": 10
              }
            },
            {
              "ty": 0,
              "nm": "Glow Intensity",
              "mn": "ADBE Glo2-0004",
              "ix": 4,
              "v": {
                "a": 0,
                "k": 1
              }
            },
            {
              "ty": 7,
              "nm": "Composite Original",
              "mn": "ADBE Glo2-0005",
              "ix": 5,
              "v": {
                "a": 0,
                "k": 2
              }
            },
            {
              "ty": 7,
              "nm": "Glow Operation",
              "mn": "ADBE Glo2-0006",
              "ix": 6,
              "v": {
                "a": 0,
                "k": 3
              }
            },
            {
              "ty": 7,
              "nm": "Glow Colors",
              "mn": "ADBE Glo2-0007",
              "ix": 7,
              "v": {
                "a": 0,
                "k": 1
              }
            },
            {
              "ty": 7,
              "nm": "Color Looping",
              "mn": "ADBE Glo2-0008",
              "ix": 8,
              "v": {
                "a": 0,
                "k": 3
              }
            },
            {
              "ty": 0,
              "nm": "Color Loops",
              "mn": "ADBE Glo2-0009",
              "ix": 9,
              "v": {
                "a": 0,
                "k": 1
              }
            },
            {
              "ty": 0,
              "nm": "Color Phase",
              "mn": "ADBE Glo2-0010",
              "ix": 10,
              "v": {
                "a": 0,
                "k": 0
              }
            },
            {
              "ty": 0,
              "nm": "A & B Midpoint",
              "mn": "ADBE Glo2-0011",
              "ix": 11,
              "v": {
                "a": 0,
                "k": 0.5
              }
            },
            {
              "ty": 2,
              "nm": "Color A",
              "mn": "ADBE Glo2-0012",
              "ix": 12,
              "v": {
                "a": 0,
                "k": [
                  1,
                  1,
                  1,
                  0
                ]
              }
            },
            {
              "ty": 2,
              "nm": "Color B",
              "mn": "ADBE Glo2-0013",
              "ix": 13,
              "v": {
                "a": 0,
                "k": [
                  0,
                  0,
                  0,
                  0
                ]
              }
            },
            {
              "ty": 7,
              "nm": "Glow Dimensions",
              "mn": "ADBE Glo2-0014",
              "ix": 14,
              "v": {
                "a": 0,
                "k": 1
              }
            },
            {
              "ty": 7,
              "nm": "GPU Rendering",
              "mn": "ADBE Force CPU GPU",
              "ix": 15,
              "v": {
                "a": 0,
                "k": 1
              }
            }
          ]
        }
      ],
      "shapes": [
        {
          "d": 1,
          "ty": "el",
          "s": {
            "a": 1,
            "k": [
              {
                "i": {
                  "x": [
                    0.667,
                    0.667
                  ],
                  "y": [
                    1,
                    1
                  ]
                },
                "o": {
                  "x": [
                    0.333,
                    0.333
                  ],
                  "y": [
                    0,
                    0
                  ]
                },
                "n": [
                  "0p667_1_0p333_0",
                  "0p667_1_0p333_0"
                ],
                "t": 0,
                "s": [
                  0,
                  0
                ],
                "e": [
                  90.641,
                  90.641
                ]
              },
              {
                "t": 30
              }
            ]
          },
          "p": {
            "a": 0,
            "k": [
              0,
              0
            ]
          },
          "nm": "Ellipse Path 1",
          "mn": "ADBE Vector Shape - Ellipse"
        },
        {
          "ty": "gf",
          "o": {
            "a": 0,
            "k": 100
          },
          "r": 1,
          "g": {
            "p": 3,
            "k": {
              "a": 0,
              "k": [
                0,
                0,
                0.741,
                1,
                0.5,
                0.163,
                0.843,
                0.92,
                1,
                0.325,
                0.945,
                0.839
              ]
            }
          },
          "s": {
            "a": 0,
            "k": [
              -50,
              59
            ]
          },
          "e": {
            "a": 0,
            "k": [
              60,
              -34
            ]
          },
          "t": 2,
          "h": {
            "a": 0,
            "k": 0
          },
          "a": {
            "a": 0,
            "k": 0
          },
          "nm": "Gradient Fill 1",
          "mn": "ADBE Vector Graphic - G-Fill"
        }
      ],
      "ip": 0,
      "op": 124,
      "st": 0,
      "bm": 0,
      "sr": 1
    },
    {
      "ddd": 0,
      "ind": 2,
      "ty": 4,
      "nm": "Shape Layer 3",
      "ks": {
        "o": {
          "a": 0,
          "k": 100
        },
        "r": {
          "a": 0,
          "k": 45
        },
        "p": {
          "a": 0,
          "k": [
            960,
            620,
            0
          ]
        },
        "a": {
          "a": 0,
          "k": [
            0,
            0,
            0
          ]
        },
        "s": {
          "a": 0,
          "k": [
            100,
            100,
            100
          ]
        }
      },
      "ao": 0,
      "ef": [
        {
          "ty": 5,
          "nm": "Glow",
          "mn": "ADBE Glo2",
          "ix": 1,
          "en": 1,
          "ef": [
            {
              "ty": 7,
              "nm": "Glow Based On",
              "mn": "ADBE Glo2-0001",
              "ix": 1,
              "v": {
                "a": 0,
                "k": 2
              }
            },
            {
              "ty": 0,
              "nm": "Glow Threshold",
              "mn": "ADBE Glo2-0002",
              "ix": 2,
              "v": {
                "a": 0,
                "k": 153
              }
            },
            {
              "ty": 0,
              "nm": "Glow Radius",
              "mn": "ADBE Glo2-0003",
              "ix": 3,
              "v": {
                "a": 0,
                "k": 10
              }
            },
            {
              "ty": 0,
              "nm": "Glow Intensity",
              "mn": "ADBE Glo2-0004",
              "ix": 4,
              "v": {
                "a": 0,
                "k": 1
              }
            },
            {
              "ty": 7,
              "nm": "Composite Original",
              "mn": "ADBE Glo2-0005",
              "ix": 5,
              "v": {
                "a": 0,
                "k": 2
              }
            },
            {
              "ty": 7,
              "nm": "Glow Operation",
              "mn": "ADBE Glo2-0006",
              "ix": 6,
              "v": {
                "a": 0,
                "k": 3
              }
            },
            {
              "ty": 7,
              "nm": "Glow Colors",
              "mn": "ADBE Glo2-0007",
              "ix": 7,
              "v": {
                "a": 0,
                "k": 1
              }
            },
            {
              "ty": 7,
              "nm": "Color Looping",
              "mn": "ADBE Glo2-0008",
              "ix": 8,
              "v": {
                "a": 0,
                "k": 3
              }
            },
            {
              "ty": 0,
              "nm": "Color Loops",
              "mn": "ADBE Glo2-0009",
              "ix": 9,
              "v": {
                "a": 0,
                "k": 1
              }
            },
            {
              "ty": 0,
              "nm": "Color Phase",
              "mn": "ADBE Glo2-0010",
              "ix": 10,
              "v": {
                "a": 0,
                "k": 0
              }
            },
            {
              "ty": 0,
              "nm": "A & B Midpoint",
              "mn": "ADBE Glo2-0011",
              "ix": 11,
              "v": {
                "a": 0,
                "k": 0.5
              }
            },
            {
              "ty": 2,
              "nm": "Color A",
              "mn": "ADBE Glo2-0012",
              "ix": 12,
              "v": {
                "a": 0,
                "k": [
                  1,
                  1,
                  1,
                  0
                ]
              }
            },
            {
              "ty": 2,
              "nm": "Color B",
              "mn": "ADBE Glo2-0013",
              "ix": 13,
              "v": {
                "a": 0,
                "k": [
                  0,
                  0,
                  0,
                  0
                ]
              }
            },
            {
              "ty": 7,
              "nm": "Glow Dimensions",
              "mn": "ADBE Glo2-0014",
              "ix": 14,
              "v": {
                "a": 0,
                "k": 1
              }
            },
            {
              "ty": 7,
              "nm": "GPU Rendering",
              "mn": "ADBE Force CPU GPU",
              "ix": 15,
              "v": {
                "a": 0,
                "k": 1
              }
            }
          ]
        }
      ],
      "shapes": [
        {
          "d": 1,
          "ty": "el",
          "s": {
            "a": 0,
            "k": [
              215,
              215
            ]
          },
          "p": {
            "a": 0,
            "k": [
              0,
              0
            ]
          },
          "nm": "Ellipse Path 1",
          "mn": "ADBE Vector Shape - Ellipse"
        },
        {
          "ty": "tm",
          "s": {
            "a": 1,
            "k": [
              {
                "i": {
                  "x": [
                    0.667
                  ],
                  "y": [
                    1
                  ]
                },
                "o": {
                  "x": [
                    0.333
                  ],
                  "y": [
                    0
                  ]
                },
                "n": [
                  "0p667_1_0p333_0"
                ],
                "t": 30,
                "s": [
                  87.5
                ],
                "e": [
                  75
                ]
              },
              {
                "t": 60
              }
            ],
            "ix": 1
          },
          "e": {
            "a": 1,
            "k": [
              {
                "i": {
                  "x": [
                    0.667
                  ],
                  "y": [
                    1
                  ]
                },
                "o": {
                  "x": [
                    0.333
                  ],
                  "y": [
                    0
                  ]
                },
                "n": [
                  "0p667_1_0p333_0"
                ],
                "t": 30,
                "s": [
                  87.5
                ],
                "e": [
                  100
                ]
              },
              {
                "t": 60
              }
            ],
            "ix": 2
          },
          "o": {
            "a": 0,
            "k": 0,
            "ix": 3
          },
          "m": 1,
          "ix": 2,
          "nm": "Trim Paths 1",
          "mn": "ADBE Vector Filter - Trim"
        },
        {
          "ty": "st",
          "c": {
            "a": 0,
            "k": [
              0.1843137,
              0.8588235,
              0.9098039,
              1
            ]
          },
          "o": {
            "a": 0,
            "k": 100
          },
          "w": {
            "a": 0,
            "k": 2
          },
          "lc": 1,
          "lj": 1,
          "ml": 4,
          "nm": "Stroke 1",
          "mn": "ADBE Vector Graphic - Stroke"
        },
        {
          "ty": "st",
          "c": {
            "a": 0,
            "k": [
              0.1843137,
              0.8588235,
              0.9098039,
              1
            ]
          },
          "o": {
            "a": 0,
            "k": 100
          },
          "w": {
            "a": 0,
            "k": 31
          },
          "lc": 2,
          "lj": 1,
          "ml": 4,
          "nm": "Stroke 2",
          "mn": "ADBE Vector Graphic - Stroke"
        }
      ],
      "ip": 0,
      "op": 124,
      "st": 0,
      "bm": 0,
      "sr": 1
    },
    {
      "ddd": 0,
      "ind": 3,
      "ty": 4,
      "nm": "Shape Layer 2",
      "ks": {
        "o": {
          "a": 0,
          "k": 100
        },
        "r": {
          "a": 0,
          "k": 45
        },
        "p": {
          "a": 0,
          "k": [
            960,
            620,
            0
          ]
        },
        "a": {
          "a": 0,
          "k": [
            0,
            0,
            0
          ]
        },
        "s": {
          "a": 0,
          "k": [
            100,
            100,
            100
          ]
        }
      },
      "ao": 0,
      "ef": [
        {
          "ty": 5,
          "nm": "Glow",
          "mn": "ADBE Glo2",
          "ix": 1,
          "en": 1,
          "ef": [
            {
              "ty": 7,
              "nm": "Glow Based On",
              "mn": "ADBE Glo2-0001",
              "ix": 1,
              "v": {
                "a": 0,
                "k": 2
              }
            },
            {
              "ty": 0,
              "nm": "Glow Threshold",
              "mn": "ADBE Glo2-0002",
              "ix": 2,
              "v": {
                "a": 0,
                "k": 153
              }
            },
            {
              "ty": 0,
              "nm": "Glow Radius",
              "mn": "ADBE Glo2-0003",
              "ix": 3,
              "v": {
                "a": 0,
                "k": 10
              }
            },
            {
              "ty": 0,
              "nm": "Glow Intensity",
              "mn": "ADBE Glo2-0004",
              "ix": 4,
              "v": {
                "a": 0,
                "k": 1
              }
            },
            {
              "ty": 7,
              "nm": "Composite Original",
              "mn": "ADBE Glo2-0005",
              "ix": 5,
              "v": {
                "a": 0,
                "k": 2
              }
            },
            {
              "ty": 7,
              "nm": "Glow Operation",
              "mn": "ADBE Glo2-0006",
              "ix": 6,
              "v": {
                "a": 0,
                "k": 3
              }
            },
            {
              "ty": 7,
              "nm": "Glow Colors",
              "mn": "ADBE Glo2-0007",
              "ix": 7,
              "v": {
                "a": 0,
                "k": 1
              }
            },
            {
              "ty": 7,
              "nm": "Color Looping",
              "mn": "ADBE Glo2-0008",
              "ix": 8,
              "v": {
                "a": 0,
                "k": 3
              }
            },
            {
              "ty": 0,
              "nm": "Color Loops",
              "mn": "ADBE Glo2-0009",
              "ix": 9,
              "v": {
                "a": 0,
                "k": 1
              }
            },
            {
              "ty": 0,
              "nm": "Color Phase",
              "mn": "ADBE Glo2-0010",
              "ix": 10,
              "v": {
                "a": 0,
                "k": 0
              }
            },
            {
              "ty": 0,
              "nm": "A & B Midpoint",
              "mn": "ADBE Glo2-0011",
              "ix": 11,
              "v": {
                "a": 0,
                "k": 0.5
              }
            },
            {
              "ty": 2,
              "nm": "Color A",
              "mn": "ADBE Glo2-0012",
              "ix": 12,
              "v": {
                "a": 0,
                "k": [
                  1,
                  1,
                  1,
                  0
                ]
              }
            },
            {
              "ty": 2,
              "nm": "Color B",
              "mn": "ADBE Glo2-0013",
              "ix": 13,
              "v": {
                "a": 0,
                "k": [
                  0,
                  0,
                  0,
                  0
                ]
              }
            },
            {
              "ty": 7,
              "nm": "Glow Dimensions",
              "mn": "ADBE Glo2-0014",
              "ix": 14,
              "v": {
                "a": 0,
                "k": 1
              }
            },
            {
              "ty": 7,
              "nm": "GPU Rendering",
              "mn": "ADBE Force CPU GPU",
              "ix": 15,
              "v": {
                "a": 0,
                "k": 1
              }
            }
          ]
        }
      ],
      "shapes": [
        {
          "d": 1,
          "ty": "el",
          "s": {
            "a": 0,
            "k": [
              342,
              342
            ]
          },
          "p": {
            "a": 0,
            "k": [
              0,
              0
            ]
          },
          "nm": "Ellipse Path 1",
          "mn": "ADBE Vector Shape - Ellipse"
        },
        {
          "ty": "tm",
          "s": {
            "a": 1,
            "k": [
              {
                "i": {
                  "x": [
                    0.667
                  ],
                  "y": [
                    1
                  ]
                },
                "o": {
                  "x": [
                    0.333
                  ],
                  "y": [
                    0
                  ]
                },
                "n": [
                  "0p667_1_0p333_0"
                ],
                "t": 60,
                "s": [
                  87.5
                ],
                "e": [
                  75
                ]
              },
              {
                "t": 90
              }
            ],
            "ix": 1
          },
          "e": {
            "a": 1,
            "k": [
              {
                "i": {
                  "x": [
                    0.667
                  ],
                  "y": [
                    1
                  ]
                },
                "o": {
                  "x": [
                    0.333
                  ],
                  "y": [
                    0
                  ]
                },
                "n": [
                  "0p667_1_0p333_0"
                ],
                "t": 60,
                "s": [
                  87.5
                ],
                "e": [
                  100
                ]
              },
              {
                "t": 90
              }
            ],
            "ix": 2
          },
          "o": {
            "a": 0,
            "k": 0,
            "ix": 3
          },
          "m": 1,
          "ix": 2,
          "nm": "Trim Paths 1",
          "mn": "ADBE Vector Filter - Trim"
        },
        {
          "ty": "st",
          "c": {
            "a": 0,
            "k": [
              0.1843137,
              0.8588235,
              0.9098039,
              1
            ]
          },
          "o": {
            "a": 0,
            "k": 100
          },
          "w": {
            "a": 0,
            "k": 31
          },
          "lc": 2,
          "lj": 1,
          "ml": 4,
          "nm": "Stroke 1",
          "mn": "ADBE Vector Graphic - Stroke"
        }
      ],
      "ip": 0,
      "op": 124,
      "st": 0,
      "bm": 0,
      "sr": 1
    },
    {
      "ddd": 0,
      "ind": 4,
      "ty": 4,
      "nm": "Shape Layer 1",
      "ks": {
        "o": {
          "a": 0,
          "k": 100
        },
        "r": {
          "a": 0,
          "k": 45
        },
        "p": {
          "a": 0,
          "k": [
            960,
            620,
            0
          ]
        },
        "a": {
          "a": 0,
          "k": [
            0,
            0,
            0
          ]
        },
        "s": {
          "a": 0,
          "k": [
            100,
            100,
            100
          ]
        }
      },
      "ao": 0,
      "ef": [
        {
          "ty": 5,
          "nm": "Glow",
          "mn": "ADBE Glo2",
          "ix": 1,
          "en": 1,
          "ef": [
            {
              "ty": 7,
              "nm": "Glow Based On",
              "mn": "ADBE Glo2-0001",
              "ix": 1,
              "v": {
                "a": 0,
                "k": 2
              }
            },
            {
              "ty": 0,
              "nm": "Glow Threshold",
              "mn": "ADBE Glo2-0002",
              "ix": 2,
              "v": {
                "a": 0,
                "k": 153
              }
            },
            {
              "ty": 0,
              "nm": "Glow Radius",
              "mn": "ADBE Glo2-0003",
              "ix": 3,
              "v": {
                "a": 0,
                "k": 10
              }
            },
            {
              "ty": 0,
              "nm": "Glow Intensity",
              "mn": "ADBE Glo2-0004",
              "ix": 4,
              "v": {
                "a": 0,
                "k": 1
              }
            },
            {
              "ty": 7,
              "nm": "Composite Original",
              "mn": "ADBE Glo2-0005",
              "ix": 5,
              "v": {
                "a": 0,
                "k": 2
              }
            },
            {
              "ty": 7,
              "nm": "Glow Operation",
              "mn": "ADBE Glo2-0006",
              "ix": 6,
              "v": {
                "a": 0,
                "k": 3
              }
            },
            {
              "ty": 7,
              "nm": "Glow Colors",
              "mn": "ADBE Glo2-0007",
              "ix": 7,
              "v": {
                "a": 0,
                "k": 1
              }
            },
            {
              "ty": 7,
              "nm": "Color Looping",
              "mn": "ADBE Glo2-0008",
              "ix": 8,
              "v": {
                "a": 0,
                "k": 3
              }
            },
            {
              "ty": 0,
              "nm": "Color Loops",
              "mn": "ADBE Glo2-0009",
              "ix": 9,
              "v": {
                "a": 0,
                "k": 1
              }
            },
            {
              "ty": 0,
              "nm": "Color Phase",
              "mn": "ADBE Glo2-0010",
              "ix": 10,
              "v": {
                "a": 0,
                "k": 0
              }
            },
            {
              "ty": 0,
              "nm": "A & B Midpoint",
              "mn": "ADBE Glo2-0011",
              "ix": 11,
              "v": {
                "a": 0,
                "k": 0.5
              }
            },
            {
              "ty": 2,
              "nm": "Color A",
              "mn": "ADBE Glo2-0012",
              "ix": 12,
              "v": {
                "a": 0,
                "k": [
                  1,
                  1,
                  1,
                  0
                ]
              }
            },
            {
              "ty": 2,
              "nm": "Color B",
              "mn": "ADBE Glo2-0013",
              "ix": 13,
              "v": {
                "a": 0,
                "k": [
                  0,
                  0,
                  0,
                  0
                ]
              }
            },
            {
              "ty": 7,
              "nm": "Glow Dimensions",
              "mn": "ADBE Glo2-0014",
              "ix": 14,
              "v": {
                "a": 0,
                "k": 1
              }
            },
            {
              "ty": 7,
              "nm": "GPU Rendering",
              "mn": "ADBE Force CPU GPU",
              "ix": 15,
              "v": {
                "a": 0,
                "k": 1
              }
            }
          ]
        }
      ],
      "shapes": [
        {
          "d": 1,
          "ty": "el",
          "s": {
            "a": 0,
            "k": [
              470,
              470
            ]
          },
          "p": {
            "a": 0,
            "k": [
              0,
              0
            ]
          },
          "nm": "Ellipse Path 1",
          "mn": "ADBE Vector Shape - Ellipse"
        },
        {
          "ty": "tm",
          "s": {
            "a": 1,
            "k": [
              {
                "i": {
                  "x": [
                    0.667
                  ],
                  "y": [
                    0.976
                  ]
                },
                "o": {
                  "x": [
                    0.333
                  ],
                  "y": [
                    0
                  ]
                },
                "n": [
                  "0p667_0p976_0p333_0"
                ],
                "t": 90,
                "s": [
                  87.5
                ],
                "e": [
                  75.955
                ]
              },
              {
                "i": {
                  "x": [
                    0.667
                  ],
                  "y": [
                    1
                  ]
                },
                "o": {
                  "x": [
                    0.333
                  ],
                  "y": [
                    0.169
                  ]
                },
                "n": [
                  "0p667_1_0p333_0p169"
                ],
                "t": 109,
                "s": [
                  75.955
                ],
                "e": [
                  75
                ]
              },
              {
                "t": 120
              }
            ],
            "ix": 1
          },
          "e": {
            "a": 1,
            "k": [
              {
                "i": {
                  "x": [
                    0.667
                  ],
                  "y": [
                    0.978
                  ]
                },
                "o": {
                  "x": [
                    0.333
                  ],
                  "y": [
                    0
                  ]
                },
                "n": [
                  "0p667_0p978_0p333_0"
                ],
                "t": 90,
                "s": [
                  87.5
                ],
                "e": [
                  100
                ]
              },
              {
                "i": {
                  "x": [
                    0.667
                  ],
                  "y": [
                    1
                  ]
                },
                "o": {
                  "x": [
                    0.333
                  ],
                  "y": [
                    0.161
                  ]
                },
                "n": [
                  "0p667_1_0p333_0p161"
                ],
                "t": 109,
                "s": [
                  100
                ],
                "e": [
                  100
                ]
              },
              {
                "t": 120
              }
            ],
            "ix": 2
          },
          "o": {
            "a": 0,
            "k": 0,
            "ix": 3
          },
          "m": 1,
          "ix": 2,
          "nm": "Trim Paths 1",
          "mn": "ADBE Vector Filter - Trim"
        },
        {
          "ty": "st",
          "c": {
            "a": 0,
            "k": [
              0.1960784,
              0.8627451,
              0.9019608,
              1
            ]
          },
          "o": {
            "a": 0,
            "k": 100
          },
          "w": {
            "a": 0,
            "k": 31
          },
          "lc": 2,
          "lj": 1,
          "ml": 4,
          "nm": "Stroke 1",
          "mn": "ADBE Vector Graphic - Stroke"
        }
      ],
      "ip": 0,
      "op": 124,
      "st": 0,
      "bm": 0,
      "sr": 1
    },
    {
      "ddd": 0,
      "ind": 5,
      "ty": 4,
      "nm": "Shape Layer 8",
      "ks": {
        "o": {
          "a": 0,
          "k": 100
        },
        "r": {
          "a": 0,
          "k": 0
        },
        "p": {
          "a": 0,
          "k": [
            960,
            604,
            0
          ]
        },
        "a": {
          "a": 0,
          "k": [
            0,
            0,
            0
          ]
        },
        "s": {
          "a": 0,
          "k": [
            100,
            100,
            100
          ]
        }
      },
      "ao": 0,
      "ef": [
        {
          "ty": 5,
          "nm": "Glow",
          "mn": "ADBE Glo2",
          "ix": 1,
          "en": 1,
          "ef": [
            {
              "ty": 7,
              "nm": "Glow Based On",
              "mn": "ADBE Glo2-0001",
              "ix": 1,
              "v": {
                "a": 0,
                "k": 2
              }
            },
            {
              "ty": 0,
              "nm": "Glow Threshold",
              "mn": "ADBE Glo2-0002",
              "ix": 2,
              "v": {
                "a": 0,
                "k": 153
              }
            },
            {
              "ty": 0,
              "nm": "Glow Radius",
              "mn": "ADBE Glo2-0003",
              "ix": 3,
              "v": {
                "a": 0,
                "k": 10
              }
            },
            {
              "ty": 0,
              "nm": "Glow Intensity",
              "mn": "ADBE Glo2-0004",
              "ix": 4,
              "v": {
                "a": 0,
                "k": 1
              }
            },
            {
              "ty": 7,
              "nm": "Composite Original",
              "mn": "ADBE Glo2-0005",
              "ix": 5,
              "v": {
                "a": 0,
                "k": 2
              }
            },
            {
              "ty": 7,
              "nm": "Glow Operation",
              "mn": "ADBE Glo2-0006",
              "ix": 6,
              "v": {
                "a": 0,
                "k": 3
              }
            },
            {
              "ty": 7,
              "nm": "Glow Colors",
              "mn": "ADBE Glo2-0007",
              "ix": 7,
              "v": {
                "a": 0,
                "k": 1
              }
            },
            {
              "ty": 7,
              "nm": "Color Looping",
              "mn": "ADBE Glo2-0008",
              "ix": 8,
              "v": {
                "a": 0,
                "k": 3
              }
            },
            {
              "ty": 0,
              "nm": "Color Loops",
              "mn": "ADBE Glo2-0009",
              "ix": 9,
              "v": {
                "a": 0,
                "k": 1
              }
            },
            {
              "ty": 0,
              "nm": "Color Phase",
              "mn": "ADBE Glo2-0010",
              "ix": 10,
              "v": {
                "a": 0,
                "k": 0
              }
            },
            {
              "ty": 0,
              "nm": "A & B Midpoint",
              "mn": "ADBE Glo2-0011",
              "ix": 11,
              "v": {
                "a": 0,
                "k": 0.5
              }
            },
            {
              "ty": 2,
              "nm": "Color A",
              "mn": "ADBE Glo2-0012",
              "ix": 12,
              "v": {
                "a": 0,
                "k": [
                  1,
                  1,
                  1,
                  0
                ]
              }
            },
            {
              "ty": 2,
              "nm": "Color B",
              "mn": "ADBE Glo2-0013",
              "ix": 13,
              "v": {
                "a": 0,
                "k": [
                  0,
                  0,
                  0,
                  0
                ]
              }
            },
            {
              "ty": 7,
              "nm": "Glow Dimensions",
              "mn": "ADBE Glo2-0014",
              "ix": 14,
              "v": {
                "a": 0,
                "k": 1
              }
            },
            {
              "ty": 7,
              "nm": "GPU Rendering",
              "mn": "ADBE Force CPU GPU",
              "ix": 15,
              "v": {
                "a": 0,
                "k": 1
              }
            }
          ]
        }
      ],
      "shapes": [
        {
          "d": 1,
          "ty": "el",
          "s": {
            "a": 0,
            "k": [
              90.641,
              90.641
            ]
          },
          "p": {
            "a": 0,
            "k": [
              0,
              0
            ]
          },
          "nm": "Ellipse Path 1",
          "mn": "ADBE Vector Shape - Ellipse"
        },
        {
          "ty": "gf",
          "o": {
            "a": 0,
            "k": 100
          },
          "r": 1,
          "g": {
            "p": 3,
            "k": {
              "a": 0,
              "k": [
                0,
                1,
                1,
                1,
                0.5,
                1,
                1,
                1,
                1,
                1,
                1,
                1
              ]
            }
          },
          "s": {
            "a": 0,
            "k": [
              -50,
              59
            ]
          },
          "e": {
            "a": 0,
            "k": [
              60,
              -34
            ]
          },
          "t": 2,
          "h": {
            "a": 0,
            "k": 0
          },
          "a": {
            "a": 0,
            "k": 0
          },
          "nm": "Gradient Fill 1",
          "mn": "ADBE Vector Graphic - G-Fill"
        }
      ],
      "ip": 0,
      "op": 124,
      "st": 0,
      "bm": 0,
      "sr": 1
    },
    {
      "ddd": 0,
      "ind": 6,
      "ty": 4,
      "nm": "Shape Layer 7",
      "ks": {
        "o": {
          "a": 0,
          "k": 100
        },
        "r": {
          "a": 0,
          "k": 45
        },
        "p": {
          "a": 0,
          "k": [
            960,
            620,
            0
          ]
        },
        "a": {
          "a": 0,
          "k": [
            0,
            0,
            0
          ]
        },
        "s": {
          "a": 0,
          "k": [
            100,
            100,
            100
          ]
        }
      },
      "ao": 0,
      "ef": [
        {
          "ty": 5,
          "nm": "Glow",
          "mn": "ADBE Glo2",
          "ix": 1,
          "en": 1,
          "ef": [
            {
              "ty": 7,
              "nm": "Glow Based On",
              "mn": "ADBE Glo2-0001",
              "ix": 1,
              "v": {
                "a": 0,
                "k": 2
              }
            },
            {
              "ty": 0,
              "nm": "Glow Threshold",
              "mn": "ADBE Glo2-0002",
              "ix": 2,
              "v": {
                "a": 0,
                "k": 153
              }
            },
            {
              "ty": 0,
              "nm": "Glow Radius",
              "mn": "ADBE Glo2-0003",
              "ix": 3,
              "v": {
                "a": 0,
                "k": 10
              }
            },
            {
              "ty": 0,
              "nm": "Glow Intensity",
              "mn": "ADBE Glo2-0004",
              "ix": 4,
              "v": {
                "a": 0,
                "k": 1
              }
            },
            {
              "ty": 7,
              "nm": "Composite Original",
              "mn": "ADBE Glo2-0005",
              "ix": 5,
              "v": {
                "a": 0,
                "k": 2
              }
            },
            {
              "ty": 7,
              "nm": "Glow Operation",
              "mn": "ADBE Glo2-0006",
              "ix": 6,
              "v": {
                "a": 0,
                "k": 3
              }
            },
            {
              "ty": 7,
              "nm": "Glow Colors",
              "mn": "ADBE Glo2-0007",
              "ix": 7,
              "v": {
                "a": 0,
                "k": 1
              }
            },
            {
              "ty": 7,
              "nm": "Color Looping",
              "mn": "ADBE Glo2-0008",
              "ix": 8,
              "v": {
                "a": 0,
                "k": 3
              }
            },
            {
              "ty": 0,
              "nm": "Color Loops",
              "mn": "ADBE Glo2-0009",
              "ix": 9,
              "v": {
                "a": 0,
                "k": 1
              }
            },
            {
              "ty": 0,
              "nm": "Color Phase",
              "mn": "ADBE Glo2-0010",
              "ix": 10,
              "v": {
                "a": 0,
                "k": 0
              }
            },
            {
              "ty": 0,
              "nm": "A & B Midpoint",
              "mn": "ADBE Glo2-0011",
              "ix": 11,
              "v": {
                "a": 0,
                "k": 0.5
              }
            },
            {
              "ty": 2,
              "nm": "Color A",
              "mn": "ADBE Glo2-0012",
              "ix": 12,
              "v": {
                "a": 0,
                "k": [
                  1,
                  1,
                  1,
                  0
                ]
              }
            },
            {
              "ty": 2,
              "nm": "Color B",
              "mn": "ADBE Glo2-0013",
              "ix": 13,
              "v": {
                "a": 0,
                "k": [
                  0,
                  0,
                  0,
                  0
                ]
              }
            },
            {
              "ty": 7,
              "nm": "Glow Dimensions",
              "mn": "ADBE Glo2-0014",
              "ix": 14,
              "v": {
                "a": 0,
                "k": 1
              }
            },
            {
              "ty": 7,
              "nm": "GPU Rendering",
              "mn": "ADBE Force CPU GPU",
              "ix": 15,
              "v": {
                "a": 0,
                "k": 1
              }
            }
          ]
        }
      ],
      "shapes": [
        {
          "d": 1,
          "ty": "el",
          "s": {
            "a": 0,
            "k": [
              215,
              215
            ]
          },
          "p": {
            "a": 0,
            "k": [
              0,
              0
            ]
          },
          "nm": "Ellipse Path 1",
          "mn": "ADBE Vector Shape - Ellipse"
        },
        {
          "ty": "tm",
          "s": {
            "a": 0,
            "k": 75,
            "ix": 1
          },
          "e": {
            "a": 0,
            "k": 100,
            "ix": 2
          },
          "o": {
            "a": 0,
            "k": 0,
            "ix": 3
          },
          "m": 1,
          "ix": 2,
          "nm": "Trim Paths 1",
          "mn": "ADBE Vector Filter - Trim"
        },
        {
          "ty": "st",
          "c": {
            "a": 0,
            "k": [
              1,
              1,
              1,
              1
            ]
          },
          "o": {
            "a": 0,
            "k": 100
          },
          "w": {
            "a": 0,
            "k": 2
          },
          "lc": 1,
          "lj": 1,
          "ml": 4,
          "nm": "Stroke 1",
          "mn": "ADBE Vector Graphic - Stroke"
        },
        {
          "ty": "st",
          "c": {
            "a": 0,
            "k": [
              1,
              1,
              1,
              1
            ]
          },
          "o": {
            "a": 0,
            "k": 100
          },
          "w": {
            "a": 0,
            "k": 31
          },
          "lc": 2,
          "lj": 1,
          "ml": 4,
          "nm": "Stroke 2",
          "mn": "ADBE Vector Graphic - Stroke"
        }
      ],
      "ip": 0,
      "op": 124,
      "st": 0,
      "bm": 0,
      "sr": 1
    },
    {
      "ddd": 0,
      "ind": 7,
      "ty": 4,
      "nm": "Shape Layer 6",
      "ks": {
        "o": {
          "a": 0,
          "k": 100
        },
        "r": {
          "a": 0,
          "k": 45
        },
        "p": {
          "a": 0,
          "k": [
            960,
            620,
            0
          ]
        },
        "a": {
          "a": 0,
          "k": [
            0,
            0,
            0
          ]
        },
        "s": {
          "a": 0,
          "k": [
            100,
            100,
            100
          ]
        }
      },
      "ao": 0,
      "ef": [
        {
          "ty": 5,
          "nm": "Glow",
          "mn": "ADBE Glo2",
          "ix": 1,
          "en": 1,
          "ef": [
            {
              "ty": 7,
              "nm": "Glow Based On",
              "mn": "ADBE Glo2-0001",
              "ix": 1,
              "v": {
                "a": 0,
                "k": 2
              }
            },
            {
              "ty": 0,
              "nm": "Glow Threshold",
              "mn": "ADBE Glo2-0002",
              "ix": 2,
              "v": {
                "a": 0,
                "k": 153
              }
            },
            {
              "ty": 0,
              "nm": "Glow Radius",
              "mn": "ADBE Glo2-0003",
              "ix": 3,
              "v": {
                "a": 0,
                "k": 10
              }
            },
            {
              "ty": 0,
              "nm": "Glow Intensity",
              "mn": "ADBE Glo2-0004",
              "ix": 4,
              "v": {
                "a": 0,
                "k": 1
              }
            },
            {
              "ty": 7,
              "nm": "Composite Original",
              "mn": "ADBE Glo2-0005",
              "ix": 5,
              "v": {
                "a": 0,
                "k": 2
              }
            },
            {
              "ty": 7,
              "nm": "Glow Operation",
              "mn": "ADBE Glo2-0006",
              "ix": 6,
              "v": {
                "a": 0,
                "k": 3
              }
            },
            {
              "ty": 7,
              "nm": "Glow Colors",
              "mn": "ADBE Glo2-0007",
              "ix": 7,
              "v": {
                "a": 0,
                "k": 1
              }
            },
            {
              "ty": 7,
              "nm": "Color Looping",
              "mn": "ADBE Glo2-0008",
              "ix": 8,
              "v": {
                "a": 0,
                "k": 3
              }
            },
            {
              "ty": 0,
              "nm": "Color Loops",
              "mn": "ADBE Glo2-0009",
              "ix": 9,
              "v": {
                "a": 0,
                "k": 1
              }
            },
            {
              "ty": 0,
              "nm": "Color Phase",
              "mn": "ADBE Glo2-0010",
              "ix": 10,
              "v": {
                "a": 0,
                "k": 0
              }
            },
            {
              "ty": 0,
              "nm": "A & B Midpoint",
              "mn": "ADBE Glo2-0011",
              "ix": 11,
              "v": {
                "a": 0,
                "k": 0.5
              }
            },
            {
              "ty": 2,
              "nm": "Color A",
              "mn": "ADBE Glo2-0012",
              "ix": 12,
              "v": {
                "a": 0,
                "k": [
                  1,
                  1,
                  1,
                  0
                ]
              }
            },
            {
              "ty": 2,
              "nm": "Color B",
              "mn": "ADBE Glo2-0013",
              "ix": 13,
              "v": {
                "a": 0,
                "k": [
                  0,
                  0,
                  0,
                  0
                ]
              }
            },
            {
              "ty": 7,
              "nm": "Glow Dimensions",
              "mn": "ADBE Glo2-0014",
              "ix": 14,
              "v": {
                "a": 0,
                "k": 1
              }
            },
            {
              "ty": 7,
              "nm": "GPU Rendering",
              "mn": "ADBE Force CPU GPU",
              "ix": 15,
              "v": {
                "a": 0,
                "k": 1
              }
            }
          ]
        }
      ],
      "shapes": [
        {
          "d": 1,
          "ty": "el",
          "s": {
            "a": 0,
            "k": [
              342,
              342
            ]
          },
          "p": {
            "a": 0,
            "k": [
              0,
              0
            ]
          },
          "nm": "Ellipse Path 1",
          "mn": "ADBE Vector Shape - Ellipse"
        },
        {
          "ty": "tm",
          "s": {
            "a": 0,
            "k": 75,
            "ix": 1
          },
          "e": {
            "a": 0,
            "k": 100,
            "ix": 2
          },
          "o": {
            "a": 0,
            "k": 0,
            "ix": 3
          },
          "m": 1,
          "ix": 2,
          "nm": "Trim Paths 1",
          "mn": "ADBE Vector Filter - Trim"
        },
        {
          "ty": "st",
          "c": {
            "a": 0,
            "k": [
              1,
              1,
              1,
              1
            ]
          },
          "o": {
            "a": 0,
            "k": 100
          },
          "w": {
            "a": 0,
            "k": 31
          },
          "lc": 2,
          "lj": 1,
          "ml": 4,
          "nm": "Stroke 1",
          "mn": "ADBE Vector Graphic - Stroke"
        }
      ],
      "ip": 0,
      "op": 124,
      "st": 0,
      "bm": 0,
      "sr": 1
    },
    {
      "ddd": 0,
      "ind": 8,
      "ty": 4,
      "nm": "Shape Layer 5",
      "ks": {
        "o": {
          "a": 0,
          "k": 100
        },
        "r": {
          "a": 0,
          "k": 45
        },
        "p": {
          "a": 0,
          "k": [
            960,
            620,
            0
          ]
        },
        "a": {
          "a": 0,
          "k": [
            0,
            0,
            0
          ]
        },
        "s": {
          "a": 0,
          "k": [
            100,
            100,
            100
          ]
        }
      },
      "ao": 0,
      "ef": [
        {
          "ty": 5,
          "nm": "Glow",
          "mn": "ADBE Glo2",
          "ix": 1,
          "en": 1,
          "ef": [
            {
              "ty": 7,
              "nm": "Glow Based On",
              "mn": "ADBE Glo2-0001",
              "ix": 1,
              "v": {
                "a": 0,
                "k": 2
              }
            },
            {
              "ty": 0,
              "nm": "Glow Threshold",
              "mn": "ADBE Glo2-0002",
              "ix": 2,
              "v": {
                "a": 0,
                "k": 153
              }
            },
            {
              "ty": 0,
              "nm": "Glow Radius",
              "mn": "ADBE Glo2-0003",
              "ix": 3,
              "v": {
                "a": 0,
                "k": 10
              }
            },
            {
              "ty": 0,
              "nm": "Glow Intensity",
              "mn": "ADBE Glo2-0004",
              "ix": 4,
              "v": {
                "a": 0,
                "k": 1
              }
            },
            {
              "ty": 7,
              "nm": "Composite Original",
              "mn": "ADBE Glo2-0005",
              "ix": 5,
              "v": {
                "a": 0,
                "k": 2
              }
            },
            {
              "ty": 7,
              "nm": "Glow Operation",
              "mn": "ADBE Glo2-0006",
              "ix": 6,
              "v": {
                "a": 0,
                "k": 3
              }
            },
            {
              "ty": 7,
              "nm": "Glow Colors",
              "mn": "ADBE Glo2-0007",
              "ix": 7,
              "v": {
                "a": 0,
                "k": 1
              }
            },
            {
              "ty": 7,
              "nm": "Color Looping",
              "mn": "ADBE Glo2-0008",
              "ix": 8,
              "v": {
                "a": 0,
                "k": 3
              }
            },
            {
              "ty": 0,
              "nm": "Color Loops",
              "mn": "ADBE Glo2-0009",
              "ix": 9,
              "v": {
                "a": 0,
                "k": 1
              }
            },
            {
              "ty": 0,
              "nm": "Color Phase",
              "mn": "ADBE Glo2-0010",
              "ix": 10,
              "v": {
                "a": 0,
                "k": 0
              }
            },
            {
              "ty": 0,
              "nm": "A & B Midpoint",
              "mn": "ADBE Glo2-0011",
              "ix": 11,
              "v": {
                "a": 0,
                "k": 0.5
              }
            },
            {
              "ty": 2,
              "nm": "Color A",
              "mn": "ADBE Glo2-0012",
              "ix": 12,
              "v": {
                "a": 0,
                "k": [
                  1,
                  1,
                  1,
                  0
                ]
              }
            },
            {
              "ty": 2,
              "nm": "Color B",
              "mn": "ADBE Glo2-0013",
              "ix": 13,
              "v": {
                "a": 0,
                "k": [
                  0,
                  0,
                  0,
                  0
                ]
              }
            },
            {
              "ty": 7,
              "nm": "Glow Dimensions",
              "mn": "ADBE Glo2-0014",
              "ix": 14,
              "v": {
                "a": 0,
                "k": 1
              }
            },
            {
              "ty": 7,
              "nm": "GPU Rendering",
              "mn": "ADBE Force CPU GPU",
              "ix": 15,
              "v": {
                "a": 0,
                "k": 1
              }
            }
          ]
        }
      ],
      "shapes": [
        {
          "d": 1,
          "ty": "el",
          "s": {
            "a": 0,
            "k": [
              470,
              470
            ]
          },
          "p": {
            "a": 0,
            "k": [
              0,
              0
            ]
          },
          "nm": "Ellipse Path 1",
          "mn": "ADBE Vector Shape - Ellipse"
        },
        {
          "ty": "tm",
          "s": {
            "a": 0,
            "k": 75,
            "ix": 1
          },
          "e": {
            "a": 0,
            "k": 100,
            "ix": 2
          },
          "o": {
            "a": 0,
            "k": 0,
            "ix": 3
          },
          "m": 1,
          "ix": 2,
          "nm": "Trim Paths 1",
          "mn": "ADBE Vector Filter - Trim"
        },
        {
          "ty": "st",
          "c": {
            "a": 0,
            "k": [
              1,
              1,
              1,
              1
            ]
          },
          "o": {
            "a": 0,
            "k": 100
          },
          "w": {
            "a": 0,
            "k": 31
          },
          "lc": 2,
          "lj": 1,
          "ml": 4,
          "nm": "Stroke 1",
          "mn": "ADBE Vector Graphic - Stroke"
        }
      ],
      "ip": 0,
      "op": 124,
      "st": 0,
      "bm": 0,
      "sr": 1
    },
    {
      "ddd": 0,
      "ind": 9,
      "ty": 1,
      "nm": "Dark Red Solid 1",
      "ks": {
        "o": {
          "a": 0,
          "k": 100
        },
        "r": {
          "a": 0,
          "k": 0
        },
        "p": {
          "a": 0,
          "k": [
            960,
            540,
            0
          ]
        },
        "a": {
          "a": 0,
          "k": [
            960,
            540,
            0
          ]
        },
        "s": {
          "a": 0,
          "k": [
            100,
            100,
            100
          ]
        }
      },
      "ao": 0,
      "sw": 1920,
      "sh": 1080,
      "sc": "#030303",
      "ip": 0,
      "op": 124,
      "st": 0,
      "bm": 0,
      "sr": 1
    }
  ]
}